{
    "type": "origins:active_self",
    "entity_action": {
        "type": "origins:execute_command",
        "command": "function sculkin:wraith/power_backup"
    },
    "cooldown": 6000,
    "key": {
        "key": "key.origins.primary_active",
        "continous": false
    },
"hud_render": {
    "should_render": true,
    "sprite_location": "origins:textures/gui/community/spiderkolo/resource_bar_03.png",
    "bar_index": 18
},
    "name": "Backup",
    "description": "Summon 3 wardenlings from the depths that will fight for you. Consumes 25 souls."
}