{
    "type": "origins:burn",
    "interval": 20,
    "burn_duration": 6,
    "condition": {
        "type": "origins:and",
        "conditions": [
            {
                "type": "origins:exposed_to_sun"
            },
            {
                "type": "origins:invisible",
                "inverted": true
            },
            {
                "type": "origins:equipped_item",
                "equipment_slot": "head",
                "item_condition": {
                    "type": "origins:equippable"
                },
                "inverted": true
            }
        ]
    },
    "name": "GOD DAMN THE SUN",
    "description": "Burn in daylight (unless wearing a helmet)"
}