{
    "type": "origins:active_self",
    "entity_action": {
        "type": "origins:execute_command",
        "command": "function sculkin:wraith/power_soul_burst"
    },
"cooldown": 3000,
"key": {
    "key": "key.origins.primary_active",
    "continous": false
},
"hud_render": {
"should_render": true,
"sprite_location": "origins:textures/gui/community/spiderkolo/resource_bar_03.png",
"bar_index": 18
},
"name": "Soul Burst",
"description": "Unleash a large damage explosion that uses 25 souls"
}