{
	"credit": "Made with Blockbench",
	"texture_size": [309, 2562],
	"textures": {
		"5": "item/sculk_fabricator_texture"
	},
	"elements": [
		{
			"from": [0, 0, 0],
			"to": [16, 7, 16],
			"rotation": {"angle": 0, "axis": "y", "origin": [0, 2, 0]},
			"faces": {
				"north": {"uv": [14.23948, 0.00625, 15.06796, 0.03747], "texture": "#5"},
				"east": {"uv": [14.23948, 0.00625, 15.06796, 0.03747], "texture": "#5"},
				"south": {"uv": [14.23948, 0.00625, 15.06796, 0.03747], "texture": "#5"},
				"west": {"uv": [14.23948, 0.00625, 15.06796, 0.03747], "texture": "#5"},
				"up": {"uv": [0.05178, 0.00625, 13.30744, 1.605], "texture": "#5"},
				"down": {"uv": [15.11974, 0.00625, 15.94822, 0.10617], "texture": "#5"}
			}
		},
		{
			"from": [0, 7, 0],
			"to": [2, 15, 2],
			"rotation": {"angle": 0, "axis": "y", "origin": [0, 7, 0]},
			"faces": {
				"north": {"uv": [13.35922, 0.00625, 13.46278, 0.05621], "texture": "#5"},
				"east": {"uv": [13.35922, 0.00625, 13.46278, 0.05621], "texture": "#5"},
				"south": {"uv": [13.35922, 0.00625, 13.46278, 0.05621], "texture": "#5"},
				"west": {"uv": [13.35922, 0.00625, 13.46278, 0.05621], "texture": "#5"},
				"up": {"uv": [13.35922, 0.00625, 13.46278, 0.01874], "texture": "#5"},
				"down": {"uv": [13.35922, 0.00625, 13.46278, 0.01874], "texture": "#5"}
			}
		},
		{
			"from": [14, 7, 14],
			"to": [16, 15, 16],
			"rotation": {"angle": 0, "axis": "y", "origin": [14, 7, 14]},
			"faces": {
				"north": {"uv": [13.35922, 0.00625, 13.46278, 0.05621], "texture": "#5"},
				"east": {"uv": [13.35922, 0.00625, 13.46278, 0.05621], "texture": "#5"},
				"south": {"uv": [13.35922, 0.00625, 13.46278, 0.05621], "texture": "#5"},
				"west": {"uv": [13.35922, 0.00625, 13.46278, 0.05621], "texture": "#5"},
				"up": {"uv": [13.35922, 0.00625, 13.46278, 0.01874], "texture": "#5"},
				"down": {"uv": [13.35922, 0.00625, 13.46278, 0.01874], "texture": "#5"}
			}
		},
		{
			"from": [14, 7, 0],
			"to": [16, 15, 2],
			"rotation": {"angle": 0, "axis": "y", "origin": [14, 7, 0]},
			"faces": {
				"north": {"uv": [13.35922, 0.00625, 13.46278, 0.05621], "texture": "#5"},
				"east": {"uv": [13.35922, 0.00625, 13.46278, 0.05621], "texture": "#5"},
				"south": {"uv": [13.35922, 0.00625, 13.46278, 0.05621], "texture": "#5"},
				"west": {"uv": [13.35922, 0.00625, 13.46278, 0.05621], "texture": "#5"},
				"up": {"uv": [13.35922, 0.00625, 13.46278, 0.01874], "texture": "#5"},
				"down": {"uv": [13.35922, 0.00625, 13.46278, 0.01874], "texture": "#5"}
			}
		},
		{
			"from": [0, 7, 14],
			"to": [2, 15, 16],
			"rotation": {"angle": 0, "axis": "y", "origin": [0, 7, 14]},
			"faces": {
				"north": {"uv": [13.35922, 0.00625, 13.46278, 0.05621], "texture": "#5"},
				"east": {"uv": [13.35922, 0.00625, 13.46278, 0.05621], "texture": "#5"},
				"south": {"uv": [13.35922, 0.00625, 13.46278, 0.05621], "texture": "#5"},
				"west": {"uv": [13.35922, 0.00625, 13.46278, 0.05621], "texture": "#5"},
				"up": {"uv": [13.35922, 0.00625, 13.46278, 0.01874], "texture": "#5"},
				"down": {"uv": [13.35922, 0.00625, 13.46278, 0.01874], "texture": "#5"}
			}
		},
		{
			"from": [2, 7, 0],
			"to": [14, 8, 1],
			"rotation": {"angle": 0, "axis": "y", "origin": [2, 7, 0]},
			"faces": {
				"north": {"uv": [13.35922, 0.00625, 13.98058, 0.01249], "texture": "#5"},
				"east": {"uv": [13.35922, 0.00625, 13.411, 0.01249], "texture": "#5"},
				"south": {"uv": [13.35922, 0.00625, 13.98058, 0.01249], "texture": "#5"},
				"west": {"uv": [13.35922, 0.00625, 13.411, 0.01249], "texture": "#5"},
				"up": {"uv": [13.35922, 0.00625, 13.98058, 0.01249], "texture": "#5"},
				"down": {"uv": [13.35922, 0.00625, 13.98058, 0.01249], "texture": "#5"}
			}
		},
		{
			"from": [15, 7, 2],
			"to": [16, 8, 14],
			"rotation": {"angle": 0, "axis": "z", "origin": [16, 7, 2]},
			"faces": {
				"north": {"uv": [13.35922, 0.00625, 13.411, 0.01249], "texture": "#5"},
				"east": {"uv": [13.35922, 0.00625, 13.98058, 0.01249], "texture": "#5"},
				"south": {"uv": [13.35922, 0.00625, 13.411, 0.01249], "texture": "#5"},
				"west": {"uv": [13.35922, 0.00625, 13.98058, 0.01249], "texture": "#5"},
				"up": {"uv": [13.35922, 0.00625, 13.98058, 0.01249], "rotation": 90, "texture": "#5"},
				"down": {"uv": [13.35922, 0.00625, 13.98058, 0.01249], "rotation": 270, "texture": "#5"}
			}
		},
		{
			"from": [2, 7, 15],
			"to": [14, 8, 16],
			"rotation": {"angle": 0, "axis": "y", "origin": [2, 7, 15]},
			"faces": {
				"north": {"uv": [13.35922, 0.00625, 13.98058, 0.01249], "texture": "#5"},
				"east": {"uv": [13.35922, 0.00625, 13.411, 0.01249], "texture": "#5"},
				"south": {"uv": [13.35922, 0.00625, 13.98058, 0.01249], "texture": "#5"},
				"west": {"uv": [13.35922, 0.00625, 13.411, 0.01249], "texture": "#5"},
				"up": {"uv": [13.35922, 0.00625, 13.98058, 0.01249], "texture": "#5"},
				"down": {"uv": [13.35922, 0.00625, 13.98058, 0.01249], "texture": "#5"}
			}
		},
		{
			"from": [0, 7, 2],
			"to": [1, 8, 14],
			"rotation": {"angle": 0, "axis": "y", "origin": [1, 7, 2]},
			"faces": {
				"north": {"uv": [13.35922, 0.00625, 13.411, 0.01249], "texture": "#5"},
				"east": {"uv": [13.35922, 0.00625, 13.98058, 0.01249], "texture": "#5"},
				"south": {"uv": [13.35922, 0.00625, 13.411, 0.01249], "texture": "#5"},
				"west": {"uv": [13.35922, 0.00625, 13.98058, 0.01249], "texture": "#5"},
				"up": {"uv": [13.35922, 0.00625, 13.98058, 0.01249], "rotation": 90, "texture": "#5"},
				"down": {"uv": [13.35922, 0.00625, 13.98058, 0.01249], "rotation": 270, "texture": "#5"}
			}
		},
		{
			"from": [1, 14, 2],
			"to": [8, 16, 4],
			"rotation": {"angle": -45, "axis": "y", "origin": [3, 14, 2]},
			"faces": {
				"north": {"uv": [13.46278, 0.00625, 13.82524, 0.01874], "texture": "#5"},
				"east": {"uv": [13.46278, 0.00625, 13.56634, 0.01874], "texture": "#5"},
				"south": {"uv": [13.46278, 0.00625, 13.82524, 0.01874], "texture": "#5"},
				"west": {"uv": [13.46278, 0.00625, 13.56634, 0.01874], "texture": "#5"},
				"up": {"uv": [13.46278, 0.00625, 13.82524, 0.01874], "texture": "#5"},
				"down": {"uv": [13.46278, 0.00625, 13.82524, 0.01874], "texture": "#5"}
			}
		},
		{
			"from": [8, 14, 1],
			"to": [16, 16, 3],
			"rotation": {"angle": 22.5, "axis": "y", "origin": [13, 14, 1]},
			"faces": {
				"north": {"uv": [13.35922, 0.00625, 13.77346, 0.01874], "texture": "#5"},
				"east": {"uv": [13.35922, 0.00625, 13.46278, 0.01874], "texture": "#5"},
				"south": {"uv": [13.35922, 0.00625, 13.77346, 0.01874], "texture": "#5"},
				"west": {"uv": [13.35922, 0.00625, 13.46278, 0.01874], "texture": "#5"},
				"up": {"uv": [13.35922, 0.00625, 13.77346, 0.01874], "texture": "#5"},
				"down": {"uv": [13.35922, 0.00625, 13.77346, 0.01874], "texture": "#5"}
			}
		},
		{
			"from": [13, 14, 7],
			"to": [15, 16, 15],
			"rotation": {"angle": 22.5, "axis": "y", "origin": [15, 14, 13]},
			"faces": {
				"north": {"uv": [13.35922, 0.00625, 13.46278, 0.01874], "texture": "#5"},
				"east": {"uv": [13.35922, 0.00625, 13.77346, 0.01874], "texture": "#5"},
				"south": {"uv": [13.35922, 0.00625, 13.46278, 0.01874], "texture": "#5"},
				"west": {"uv": [13.35922, 0.00625, 13.77346, 0.01874], "texture": "#5"},
				"up": {"uv": [13.35922, 0.00625, 13.77346, 0.01874], "rotation": 90, "texture": "#5"},
				"down": {"uv": [13.35922, 0.00625, 13.77346, 0.01874], "rotation": 270, "texture": "#5"}
			}
		},
		{
			"from": [1, 14, 14],
			"to": [9, 16, 16],
			"rotation": {"angle": 45, "axis": "y", "origin": [1, 14, 14]},
			"faces": {
				"north": {"uv": [13.35922, 0.00625, 13.77346, 0.01874], "texture": "#5"},
				"east": {"uv": [13.35922, 0.00625, 13.46278, 0.01874], "texture": "#5"},
				"south": {"uv": [13.35922, 0.00625, 13.77346, 0.01874], "texture": "#5"},
				"west": {"uv": [13.35922, 0.00625, 13.46278, 0.01874], "texture": "#5"},
				"up": {"uv": [13.35922, 0.00625, 13.77346, 0.01874], "texture": "#5"},
				"down": {"uv": [13.35922, 0.00625, 13.77346, 0.01874], "texture": "#5"}
			}
		}
	],
	"display": {
		"thirdperson_righthand": {
			"translation": [0, 1.75, -2.5],
			"scale": [0.5, 0.5, 0.5]
		},
		"thirdperson_lefthand": {
			"translation": [0, 1.75, -2.5],
			"scale": [0.5, 0.5, 0.5]
		},
		"firstperson_righthand": {
			"scale": [0.5, 0.5, 0.5]
		},
		"firstperson_lefthand": {
			"scale": [0.5, 0.5, 0.5]
		},
		"ground": {
			"translation": [0, 2.75, 0],
			"scale": [0.5, 0.5, 0.5]
		},
		"gui": {
			"rotation": [43, 25, 0],
			"scale": [0.5, 0.5, 0.5]
		},
		"fixed": {
			"rotation": [-90, 0, 0],
			"translation": [0, 0, -16],
			"scale": [2, 2, 2]
		}
	},
	"groups": [
		{
			"name": "group",
			"origin": [0, 0, 0],
			"color": 0,
			"children": [0, 1, 2, 3, 4, 5, 6, 7, 8, 9, 10, 11, 12]
		}
	]
}