{
	"credit": "Made with Blockbench",
	"texture_size": [35, 52],
	"textures": {
		"5": "item/rooter_texture"
	},
	"elements": [
		{
			"from": [0, 0, 0],
			"to": [16, 16, 16],
			"faces": {
				"north": {"uv": [0.45714, 0.30769, 7.77143, 5.23077], "texture": "#5"},
				"east": {"uv": [0.45714, 0.30769, 7.77143, 5.23077], "texture": "#5"},
				"south": {"uv": [0.45714, 0.30769, 7.77143, 5.23077], "texture": "#5"},
				"west": {"uv": [0.45714, 0.30769, 7.77143, 5.23077], "texture": "#5"},
				"up": {"uv": [0.45714, 5.53846, 7.77143, 10.46154], "texture": "#5"},
				"down": {"uv": [8.22857, 0.30769, 15.54286, 5.23077], "texture": "#5"}
			}
		},
		{
			"from": [-16, 0, 0],
			"to": [0, 16, 0],
			"rotation": {"angle": 0, "axis": "y", "origin": [-2, 0, 0]},
			"faces": {
				"north": {"uv": [8.22857, 5.53846, 15.54286, 10.46154], "texture": "#5"},
				"east": {"uv": [8.22857, 5.53846, 8.22857, 10.46154], "texture": "#5"},
				"south": {"uv": [0.45714, 10.76923, 7.77143, 15.69231], "texture": "#5"},
				"west": {"uv": [8.22857, 5.53846, 8.22857, 10.46154], "texture": "#5"},
				"up": {"uv": [8.22857, 5.53846, 15.54286, 5.53846], "texture": "#5"},
				"down": {"uv": [8.22857, 5.53846, 15.54286, 5.53846], "texture": "#5"}
			}
		},
		{
			"from": [-16, 0, 16],
			"to": [0, 16, 16],
			"rotation": {"angle": 0, "axis": "y", "origin": [-2, 0, 16]},
			"faces": {
				"north": {"uv": [8.22857, 5.53846, 15.54286, 10.46154], "texture": "#5"},
				"east": {"uv": [8.22857, 5.53846, 8.22857, 10.46154], "texture": "#5"},
				"south": {"uv": [0.45714, 10.76923, 7.77143, 15.69231], "texture": "#5"},
				"west": {"uv": [8.22857, 5.53846, 8.22857, 10.46154], "texture": "#5"},
				"up": {"uv": [8.22857, 5.53846, 15.54286, 5.53846], "texture": "#5"},
				"down": {"uv": [8.22857, 5.53846, 15.54286, 5.53846], "texture": "#5"}
			}
		},
		{
			"from": [16, 0, 16],
			"to": [32, 16, 16],
			"rotation": {"angle": 0, "axis": "y", "origin": [30, 0, 16]},
			"faces": {
				"north": {"uv": [0.45714, 10.76923, 7.77143, 15.69231], "texture": "#5"},
				"east": {"uv": [8.22857, 5.53846, 8.22857, 10.46154], "texture": "#5"},
				"south": {"uv": [8.22857, 5.53846, 15.54286, 10.46154], "texture": "#5"},
				"west": {"uv": [8.22857, 5.53846, 8.22857, 10.46154], "texture": "#5"},
				"up": {"uv": [8.22857, 5.53846, 15.54286, 5.53846], "texture": "#5"},
				"down": {"uv": [8.22857, 5.53846, 15.54286, 5.53846], "texture": "#5"}
			}
		},
		{
			"from": [16, 0, 0],
			"to": [32, 16, 0],
			"rotation": {"angle": 0, "axis": "y", "origin": [30, 0, 0]},
			"faces": {
				"north": {"uv": [0.45714, 10.76923, 7.77143, 15.69231], "texture": "#5"},
				"east": {"uv": [8.22857, 5.53846, 8.22857, 10.46154], "texture": "#5"},
				"south": {"uv": [8.22857, 5.53846, 15.54286, 10.46154], "texture": "#5"},
				"west": {"uv": [8.22857, 5.53846, 8.22857, 10.46154], "texture": "#5"},
				"up": {"uv": [8.22857, 5.53846, 15.54286, 5.53846], "texture": "#5"},
				"down": {"uv": [8.22857, 5.53846, 15.54286, 5.53846], "texture": "#5"}
			}
		},
		{
			"from": [0, 0, -16],
			"to": [0, 16, 0],
			"rotation": {"angle": 0, "axis": "y", "origin": [0, 0, -2]},
			"faces": {
				"north": {"uv": [8.22857, 5.53846, 8.22857, 10.46154], "texture": "#5"},
				"east": {"uv": [8.22857, 5.53846, 15.54286, 10.46154], "texture": "#5"},
				"south": {"uv": [8.22857, 5.53846, 8.22857, 10.46154], "texture": "#5"},
				"west": {"uv": [0.45714, 10.76923, 7.77143, 15.69231], "texture": "#5"},
				"up": {"uv": [8.22857, 5.53846, 15.54286, 5.53846], "rotation": 90, "texture": "#5"},
				"down": {"uv": [8.22857, 5.53846, 15.54286, 5.53846], "rotation": 270, "texture": "#5"}
			}
		},
		{
			"from": [0, 0, 16],
			"to": [0, 16, 32],
			"rotation": {"angle": 0, "axis": "y", "origin": [0, 0, 30]},
			"faces": {
				"north": {"uv": [8.22857, 5.53846, 8.22857, 10.46154], "texture": "#5"},
				"east": {"uv": [0.45714, 10.76923, 7.77143, 15.69231], "texture": "#5"},
				"south": {"uv": [8.22857, 5.53846, 8.22857, 10.46154], "texture": "#5"},
				"west": {"uv": [8.22857, 5.53846, 15.54286, 10.46154], "texture": "#5"},
				"up": {"uv": [8.22857, 5.53846, 15.54286, 5.53846], "rotation": 90, "texture": "#5"},
				"down": {"uv": [8.22857, 5.53846, 15.54286, 5.53846], "rotation": 270, "texture": "#5"}
			}
		},
		{
			"from": [16, 0, 16],
			"to": [16, 16, 32],
			"rotation": {"angle": 0, "axis": "y", "origin": [16, 0, 30]},
			"faces": {
				"north": {"uv": [8.22857, 5.53846, 8.22857, 10.46154], "texture": "#5"},
				"east": {"uv": [0.45714, 10.76923, 7.77143, 15.69231], "texture": "#5"},
				"south": {"uv": [8.22857, 5.53846, 8.22857, 10.46154], "texture": "#5"},
				"west": {"uv": [8.22857, 5.53846, 15.54286, 10.46154], "texture": "#5"},
				"up": {"uv": [8.22857, 5.53846, 15.54286, 5.53846], "rotation": 90, "texture": "#5"},
				"down": {"uv": [8.22857, 5.53846, 15.54286, 5.53846], "rotation": 270, "texture": "#5"}
			}
		},
		{
			"from": [16, 0, -16],
			"to": [16, 16, 0],
			"rotation": {"angle": 0, "axis": "y", "origin": [16, 0, -2]},
			"faces": {
				"north": {"uv": [8.22857, 5.53846, 8.22857, 10.46154], "texture": "#5"},
				"east": {"uv": [8.22857, 5.53846, 15.54286, 10.46154], "texture": "#5"},
				"south": {"uv": [8.22857, 5.53846, 8.22857, 10.46154], "texture": "#5"},
				"west": {"uv": [0.45714, 10.76923, 7.77143, 15.69231], "texture": "#5"},
				"up": {"uv": [8.22857, 5.53846, 15.54286, 5.53846], "rotation": 90, "texture": "#5"},
				"down": {"uv": [8.22857, 5.53846, 15.54286, 5.53846], "rotation": 270, "texture": "#5"}
			}
		}
	],
	"display": {
		"thirdperson_righthand": {
			"rotation": [31, 31, 31],
			"scale": [0.2, 0.2, 0.2]
		},
		"thirdperson_lefthand": {
			"rotation": [31, 31, 31],
			"scale": [0.2, 0.2, 0.2]
		},
		"firstperson_righthand": {
			"rotation": [31, 31, 31],
			"scale": [0.2, 1, 0.2]
		},
		"firstperson_lefthand": {
			"rotation": [31, 31, 31],
			"scale": [0.2, 1, 0.2]
		},
		"ground": {
			"translation": [0, 1, 0],
			"scale": [0.2, 0.2, 0.2]
		},
		"gui": {
			"rotation": [31, 31, 0],
			"scale": [0.5, 0.5, 0.5]
		},
		"fixed": {
			"scale": [0.5, 0.5, 0.5]
		}
	},
	"groups": [
		{
			"name": "group",
			"origin": [0, 0, 0],
			"color": 0,
			"children": [0, 1, 2, 3, 4, 5, 6, 7, 8]
		}
	]
}