{
	"credit": "Made with Blockbench",
	"texture_size": [35, 66],
	"textures": {
		"2": "item/spore_spreader_texture"
	},
	"elements": [
		{
			"from": [0, 0, 0],
			"to": [16, 16, 16],
			"faces": {
				"north": {"uv": [0.45714, 0.24242, 7.77143, 4.12121], "texture": "#2"},
				"east": {"uv": [0.45714, 0.24242, 7.77143, 4.12121], "texture": "#2"},
				"south": {"uv": [0.45714, 0.24242, 7.77143, 4.12121], "texture": "#2"},
				"west": {"uv": [0.45714, 0.24242, 7.77143, 4.12121], "texture": "#2"},
				"up": {"uv": [0.45714, 0.24242, 7.77143, 4.12121], "texture": "#2"},
				"down": {"uv": [0.45714, 0.24242, 7.77143, 4.12121], "texture": "#2"}
			}
		}
	],
	"display": {
		"thirdperson_righthand": {
			"rotation": [70, 40, 0],
			"translation": [0.5, 0.25, -0.75],
			"scale": [0.2, 0.2, 0.2]
		},
		"thirdperson_lefthand": {
			"rotation": [70, 40, 0],
			"translation": [-0.5, 0.25, -0.75],
			"scale": [0.2, 0.2, 0.2]
		},
		"firstperson_righthand": {
			"rotation": [70, 0, -90],
			"scale": [0.5, 0.5, 0.5]
		},
		"firstperson_lefthand": {
			"rotation": [70, 0, -90],
			"scale": [0.5, 0.5, 0.5]
		},
		"ground": {
			"translation": [0, 2.75, 0],
			"scale": [0.5, 0.5, 0.5]
		},
		"gui": {
			"rotation": [30, -35, 0],
			"scale": [0.5, 0.5, 0.5]
		}
	}
}